selling_price,fuel,km/year,Rent/Own
600000,Diesel,11111,0
250000,Petrol,11500,0
550000,Petrol,5000,1
850000,Petrol,4166,1
365000,CNG,19500,0
260000,Petrol,5833,0
250000,Petrol,14285,0
1650000,Petrol,8333,1
600000,Diesel,11111,0
250000,Petrol,11500,0
550000,Petrol,5000,1
850000,Petrol,4166,1
365000,CNG,19500,0
260000,Petrol,5833,0
250000,Petrol,14285,0
1650000,Petrol,8333,1
585000,Petrol,4000,1
1195000,Diesel,2500,1
1964999,Diesel,4000,1
1425000,Diesel,7375,1
975000,Diesel,1500,1
1190000,Diesel,17590,0
930000,Petrol,4833,1
525000,Petrol,5000,1
1735000,Diesel,6250,1
900000,Petrol,10000,1
1300000,Diesel,13333,1
1400000,Petrol,5000,1
850000,Petrol,10818,0
625000,Diesel,4444,1
1050000,Diesel,7142,1
500000,Petrol,7500,1
725000,Diesel,4625,1
401000,Petrol,3400,1
750000,Diesel,9666,1
310000,Petrol,9333,0
665000,Diesel,9200,0
465000,Diesel,10000,0
675000,Diesel,12857,0
300000,Petrol,10000,0
525000,Diesel,13142,0
350000,Diesel,23000,0
570000,Diesel,15000,0
300000,Petrol,10333,0
925000,Diesel,8750,1
750000,Diesel,20000,0
450000,Diesel,13333,0
650000,Diesel,12500,0
495000,Petrol,2391,1
371000,Petrol,3333,1
1025000,Petrol,2250,1
8150000,Diesel,1625,1
750000,Diesel,11666,0
600000,Diesel,15000,0
325000,Diesel,7775,0
2800000,Diesel,6125,1
450000,Petrol,6250,0
1150000,Diesel,6625,1
210000,Petrol,5291,0
4500000,Petrol,3266,1
2750000,Diesel,3250,1
1975000,Diesel,7000,1
2500000,Diesel,5333,1
628000,Diesel,30000,0
600000,Diesel,9090,0
399000,Petrol,7500,1
750000,Diesel,29000,0
750000,Petrol,7500,1
315000,Petrol,4000,1
600000,Diesel,6666,0
350000,Petrol,6250,1
780000,Diesel,12000,0
690000,Petrol,16000,0
550000,Petrol,6666,1
500000,Diesel,11111,0
490000,Petrol,10000,0
1000000,Diesel,600,1
530000,Petrol,2378,1
840000,Diesel,12303,1
229999,Petrol,6666,0
200000,Petrol,11666,0
250000,Diesel,24000,0
540000,Petrol,833,1
700000,Petrol,3333,1
525000,Diesel,16666,0
430000,Diesel,16000,0
800000,Diesel,11666,1
210000,Petrol,4136,0
400000,Diesel,20000,0
225000,Petrol,5000,0
210000,LPG,12857,0
240000,Petrol,120000,0
300000,Diesel,29166,0
620000,Petrol,5142,1
500000,Diesel,3750,1
550000,Petrol,15000,0
320000,Petrol,8000,0
810000,Petrol,7500,1
282000,CNG,40000,0
600000,Petrol,5000,1
640000,Petrol,3833,1
380000,Petrol,7385,0
650000,Petrol,23333,0
430000,Petrol,10000,0
800000,Diesel,7500,1
650000,Diesel,14000,0
390000,Petrol,6000,1
1500000,Diesel,4375,1
600000,Diesel,20090,0
650000,Diesel,8333,1
2900000,Diesel,10000,1
425000,Diesel,2500,1
265000,Petrol,7857,0
890000,Petrol,378,1
365000,Petrol,6875,0
350000,Petrol,6142,0
685000,Diesel,12000,0
940000,Diesel,883,1
1000000,Diesel,10000,1
1150000,Petrol,7500,1
590000,Diesel,10833,0
800000,Diesel,10000,1
385000,Diesel,6444,0
2000000,Diesel,1875,1
235000,Petrol,6000,0
640000,Diesel,14000,0
1500000,Diesel,5000,1
700000,Petrol,2500,1
390000,Petrol,15000,0
300000,Diesel,21428,0
300000,Diesel,23333,0
1050000,Diesel,10000,1
300000,Diesel,21428,0
465000,Diesel,8333,0
434999,Petrol,3333,1
500000,Petrol,10666,0
200000,Petrol,3333,1
625000,Petrol,13000,0
800000,Petrol,5620,1
490000,Diesel,16500,0
880000,Diesel,16000,0
290000,Petrol,6125,0
360000,Petrol,8833,0
685000,Diesel,18000,0
300000,Petrol,4166,0
680000,Diesel,11000,1
450000,Diesel,17500,0
600000,Petrol,2857,1
860000,Diesel,17500,0
282000,Petrol,5000,1
300000,Petrol,4166,0
550000,Diesel,3625,1
450000,Diesel,15000,0
350000,Petrol,5000,0
350000,Petrol,5000,1
1400000,Diesel,25000,0
360000,Petrol,1333,1
1300000,Diesel,3333,1
800000,Diesel,2500,1
229999,Petrol,10000,0
315000,Petrol,5857,0
700000,Petrol,8000,1
530000,Petrol,2708,1
624000,Diesel,4893,1
250000,Petrol,4166,0
585000,Diesel,10200,0
500000,Petrol,4166,1
350000,Petrol,4285,1
495000,Diesel,11428,0
500000,Petrol,12500,0
430000,Diesel,33333,0
345000,Petrol,5500,0
500000,Petrol,1666,1
425000,Petrol,9800,0
350000,Diesel,8000,0
900000,Diesel,8000,1
700000,Diesel,5292,1
2000000,Diesel,20902,0
1000000,Diesel,10000,1
1375000,Diesel,6000,1
1800000,Diesel,28288,0
525000,Petrol,15555,0
850000,Diesel,23646,0
800000,Diesel,15000,0
700000,Diesel,22158,0
800000,Diesel,8333,1
900000,Diesel,8333,1
350000,Petrol,5000,1
755000,Diesel,4000,1
720000,Diesel,15000,0
1100000,Diesel,6666,1
400000,Petrol,12500,0
550000,Petrol,9500,1
335000,Diesel,10000,0
229999,CNG,8333,0
225000,Petrol,6142,0
400000,Diesel,16666,0
470000,Diesel,23285,0
300000,Petrol,8333,0
240000,Diesel,7447,0
270000,Petrol,10000,0
400000,Diesel,12857,0
200000,Petrol,5111,0
550000,Diesel,8888,0
325000,Petrol,11666,0
860000,Diesel,20520,0
600000,Diesel,22222,0
400000,Diesel,13750,0
400000,Petrol,7500,1
250000,Petrol,3636,0
600000,Petrol,5000,1
800000,Diesel,16666,0
600000,Petrol,5000,1
600000,Diesel,22500,0
1000000,Diesel,14000,0
400000,Diesel,4545,0
1000000,Diesel,15714,0
500000,Diesel,7000,0
1600000,Diesel,11666,1
500000,Diesel,40000,0
300000,Petrol,6000,0
409999,Diesel,10000,0
250000,Petrol,5833,0
1400000,Diesel,20000,1
475000,Petrol,6666,1
475000,Petrol,7333,1
575000,Petrol,4000,1
850000,Diesel,3333,1
350000,Petrol,15000,0
330000,Petrol,20144,0
1044999,Diesel,6250,1
235000,Petrol,6817,0
400000,Petrol,10281,0
600000,Petrol,10747,0
250000,Petrol,40000,0
600000,Diesel,20000,0
350000,Petrol,4752,0
229999,Petrol,7500,0
600000,Petrol,6000,1
220000,Diesel,8000,0
240000,Diesel,12857,0
390000,Petrol,7500,0
310000,Petrol,1666,1
420000,Petrol,8000,0
550000,Petrol,5000,1
760000,Diesel,16666,0
250000,Petrol,6666,0
500000,Petrol,625,1
380000,Petrol,2858,1
1850000,Diesel,2500,1
350000,Diesel,8555,0
1125000,Diesel,10833,1
200000,Petrol,3000,0
940000,Diesel,6666,1
400000,Diesel,17142,0
625000,Diesel,13333,0
490000,Diesel,11111,0
275000,Petrol,5000,0
352000,Diesel,12111,0
225000,Diesel,8571,0
600000,Diesel,6285,1
500000,Petrol,13333,0
900000,Petrol,1666,1
600000,Petrol,12200,0
270000,Petrol,2302,0
250000,LPG,11111,0
700000,Petrol,6293,1
650000,Diesel,12694,0
400000,Diesel,6147,0
425000,Diesel,9070,0
600000,Diesel,31040,0
600000,Diesel,11660,0
300000,Diesel,18155,0
450000,Diesel,10018,0
750000,Diesel,14500,0
900000,Diesel,30000,0
350000,Diesel,6666,0
520000,Diesel,11714,0
509999,Diesel,12000,0
556000,Petrol,12000,0
225000,Diesel,17142,0
325000,Diesel,8125,0
365000,Diesel,8125,0
850000,Diesel,14000,0
350000,Diesel,9375,0
225000,Diesel,3571,0
665000,Diesel,112000,0
275000,Petrol,2394,1
2750000,Diesel,10250,1
484999,Diesel,8125,0
565000,Diesel,10833,0
425000,Diesel,7635,0
925000,Diesel,9375,0
565000,Diesel,8000,0
525000,Diesel,9285,0
1650000,Diesel,13750,1
1475000,Petrol,3900,1
1100000,Petrol,2500,1
670000,Petrol,1420,1
750000,Diesel,7662,1
760000,Petrol,9223,1
390000,Diesel,10264,0
425000,Petrol,4236,1
770000,Diesel,12934,0
775000,Petrol,11086,1
2150000,Diesel,8600,1
3800000,Diesel,3333,1
1580000,Diesel,10750,1
4950000,Diesel,15000,1
535000,Diesel,10520,0
550000,Petrol,4972,1
670000,Petrol,1420,1
625000,Petrol,1986,1
520000,Petrol,2627,1
239000,Petrol,8200,0
2600000,Diesel,11790,1
750000,Diesel,7662,1
229999,Petrol,5536,0
1300000,Diesel,7312,1
385000,Diesel,5777,0
760000,Petrol,9223,1
600000,Diesel,11626,0
3800000,Diesel,3333,1
1580000,Diesel,10750,1
4950000,Diesel,15000,1
535000,Diesel,10520,0
550000,Petrol,4972,1
670000,Petrol,1420,1
625000,Petrol,1986,1
520000,Petrol,2627,1
239000,Petrol,8200,0
2600000,Diesel,11790,1
750000,Diesel,7662,1
229999,Petrol,5536,0
1300000,Diesel,7312,1
385000,Diesel,5777,0
760000,Petrol,9223,1
600000,Diesel,11626,0
3800000,Diesel,3333,1
1580000,Diesel,10750,1
4950000,Diesel,15000,1
535000,Diesel,10520,0
550000,Petrol,4972,1
670000,Petrol,1420,1
625000,Petrol,1986,1
520000,Petrol,2627,1
239000,Petrol,8200,0
2600000,Diesel,11790,1
750000,Diesel,7662,1
229999,Petrol,5536,0
1300000,Diesel,7312,1
385000,Diesel,5777,0
760000,Petrol,9223,1
600000,Diesel,11626,0
3800000,Diesel,3333,1
1580000,Diesel,10750,1
4950000,Diesel,15000,1
535000,Diesel,10520,0
550000,Petrol,4972,1
670000,Petrol,1420,1
625000,Petrol,1986,1
520000,Petrol,2627,1
239000,Petrol,8200,0
2600000,Diesel,11790,1
750000,Diesel,7662,1
229999,Petrol,5536,0
1300000,Diesel,7312,1
385000,Diesel,5777,0
760000,Petrol,9223,1
600000,Diesel,11626,0
900000,Diesel,7000,1
229999,Petrol,1635,1
800000,Diesel,30000,0
600000,Diesel,20000,0
380000,Petrol,2500,1
1600000,Diesel,750,1
425000,Diesel,5000,0
710000,Petrol,2000,1
450000,Petrol,1316,1
210000,Petrol,12500,0
270000,Petrol,5000,0
540000,Petrol,5833,1
360000,Diesel,25812,0
250000,LPG,11075,0
925000,Petrol,5500,1
969999,Diesel,7500,1
900000,Diesel,7500,1
311000,Diesel,14000,0
300000,Petrol,1250,1
600000,Petrol,6666,1
550000,Diesel,8333,0
600000,Petrol,11666,0
250000,Petrol,4750,0
250000,Petrol,4750,0
400000,Petrol,5000,1
600000,Petrol,6000,1
600000,Petrol,2000,1
700000,Diesel,1400,1
250000,Diesel,9090,0
650000,Diesel,16666,0
600000,Diesel,6000,1
250000,Petrol,12000,0
475000,Petrol,10500,0
325000,Diesel,16666,0
639000,Petrol,5641,1
415000,Petrol,8167,0
1199000,Diesel,6018,1
525000,CNG,7028,0
425000,Petrol,7414,0
699000,Diesel,7900,1
325000,Petrol,4412,0
275000,Petrol,5168,0
269000,Petrol,7625,0
399000,Diesel,5506,0
475000,Diesel,11271,0
249000,Petrol,4112,0
1549000,Diesel,6030,1
254999,Petrol,5420,0
269000,Petrol,5838,0
665000,Diesel,8444,0
299000,Petrol,7795,0
550000,Diesel,7142,0
4000000,Diesel,22666,1
500000,Petrol,10000,0
325000,Diesel,7500,0
1200000,Diesel,12500,1
229999,Petrol,10000,0
525000,Petrol,3660,1
325000,Petrol,6876,0
1500000,Diesel,16666,1
400000,Petrol,5000,1
550000,Petrol,11630,0
900000,Diesel,7956,1
700000,Diesel,15000,0
890000,Diesel,8666,1
490000,Diesel,9897,0
525000,Petrol,11729,0
330000,Petrol,6928,0
790000,Diesel,13630,0
1700000,Diesel,18750,1
750000,Diesel,13886,0
409999,Diesel,8077,0
220000,Petrol,8740,0
290000,Petrol,5000,1
600000,Diesel,3926,1
470000,Petrol,4000,1
875000,Petrol,480,1
300000,Petrol,25000,0
2800000,Diesel,5000,1
1330000,Diesel,22798,0
220000,Diesel,6365,0
250000,Diesel,7500,0
919999,Diesel,15000,0
380000,Petrol,12156,0
450000,Diesel,5111,0
770000,Petrol,2000,1
550000,Diesel,26666,0
400000,Petrol,4375,1
450000,Petrol,12500,0
300000,Petrol,10714,0
425000,Diesel,9000,0
350000,Petrol,2400,1
550000,Diesel,3249,1
500000,Petrol,10000,0
600000,Diesel,10000,0
1150000,Diesel,8810,1
475000,Petrol,4100,1
260000,Petrol,2848,0
350000,Petrol,12500,0
750000,Diesel,5248,1
350000,Petrol,1914,1
611000,Diesel,8600,1
325000,Petrol,4625,1
225000,Petrol,5333,0
300000,Petrol,4134,0
711000,Diesel,5955,0
851000,Diesel,8942,1
500000,Petrol,3571,1
450000,Petrol,1666,1
744000,Diesel,26500,0
370000,Petrol,20500,0
350000,Diesel,21666,0
1300000,Diesel,11666,1
550000,Petrol,12500,0
400000,Petrol,3750,1
275000,Petrol,6363,0
285000,Petrol,18000,0
900000,Diesel,16000,0
1700000,Diesel,1666,1
650000,Petrol,5000,1
500000,Petrol,5000,1
320000,Petrol,10000,0
450000,Diesel,15000,0
350000,Diesel,18000,0
400000,Petrol,15000,0
200000,Petrol,3333,1
1200000,Diesel,12500,1
615000,Petrol,13333,0
500000,Petrol,2290,1
600000,Petrol,7500,1
425000,Diesel,22500,0
400000,Petrol,12500,0
509999,Petrol,1666,1
450000,Diesel,10000,0
210000,Petrol,6000,0
940000,Diesel,21333,0
750000,Diesel,10000,0
610000,Diesel,20000,0
450000,Diesel,8333,0
409999,Diesel,6222,0
300000,Petrol,3500,1
400000,Diesel,13375,0
222000,Petrol,6363,0
3800000,Diesel,3333,1
1580000,Diesel,10750,1
4950000,Diesel,15000,1
535000,Diesel,10520,0
550000,Petrol,4972,1
670000,Petrol,1420,1
625000,Petrol,1986,1
520000,Petrol,2627,1
239000,Petrol,8200,0
2600000,Diesel,11790,1
750000,Diesel,7662,1
229999,Petrol,5536,0
1300000,Diesel,7312,1
385000,Diesel,5777,0
760000,Petrol,9223,1
600000,Diesel,11626,0
3800000,Diesel,3333,1
1580000,Diesel,10750,1
4950000,Diesel,15000,1
535000,Diesel,10520,0
550000,Petrol,4972,1
670000,Petrol,1420,1
625000,Petrol,1986,1
520000,Petrol,2627,1
239000,Petrol,8200,0
2600000,Diesel,11790,1
750000,Diesel,7662,1
229999,Petrol,5536,0
1300000,Diesel,7312,1
385000,Diesel,5777,0
760000,Petrol,9223,1
600000,Diesel,11626,0
735000,Diesel,6144,0
285000,Diesel,8255,0
350000,Petrol,4434,0
290000,Diesel,7965,0
890000,Diesel,10054,1
385000,Petrol,1147,1
425000,Petrol,2088,1
525000,Petrol,2436,1
550000,Petrol,2437,1
271000,Petrol,5444,0
1490000,Diesel,6898,1
490000,Petrol,5180,1
260000,Petrol,5372,0
455000,Diesel,7978,0
421000,Petrol,3973,1
550000,Diesel,10800,0
330000,Petrol,4750,0
390000,Diesel,5050,0
599000,Diesel,7826,1
250000,Petrol,5000,0
2700000,Diesel,8333,1
350000,Petrol,2500,1
475000,Diesel,10000,0
4700000,Diesel,1500,1
500000,Diesel,16666,0
250000,Diesel,17142,0
350000,Petrol,2500,1
4000000,Diesel,6714,1
1900000,Petrol,5000,1
409999,Diesel,9666,0
1050000,Diesel,11666,1
320000,Petrol,7500,0
1000000,Diesel,5000,1
1770000,Diesel,6250,1
950000,Diesel,6666,1
750000,Diesel,16666,0
220000,Petrol,6000,0
1000000,Diesel,12500,1
660000,Diesel,29000,0
716000,Diesel,16666,0
675000,Petrol,11000,1
325000,Diesel,10000,0
950000,Diesel,10000,1
250000,Diesel,3571,0
4000000,Petrol,22666,1
210000,Petrol,2857,1
725000,Diesel,8783,1
550000,Diesel,10000,0
475000,Petrol,5000,1
500000,Petrol,6625,1
1300000,Diesel,11666,1
1050000,Diesel,10000,1
300000,Petrol,1250,1
600000,Petrol,5000,1
900000,Diesel,12500,1
550000,Petrol,12500,0
400000,Petrol,3750,1
300000,Diesel,11250,0
640000,Petrol,3833,1
380000,Petrol,7385,0
650000,Petrol,23333,0
550000,Petrol,11666,0
650000,Diesel,7893,0
3800000,Diesel,3333,1
1490000,Diesel,5000,1
4950000,Diesel,15000,1
1140000,Petrol,7679,1
3050000,Diesel,7500,1
550000,Petrol,4972,1
625000,Petrol,1986,1
520000,Petrol,2627,1
239000,Petrol,8200,0
2600000,Diesel,11790,1
229999,Petrol,5536,0
1300000,Diesel,7312,1
585000,Petrol,10902,1
825000,Petrol,3737,1
280000,Diesel,6500,0
725000,Petrol,9843,1
300000,Diesel,15000,0
375000,Petrol,11666,0
1950000,Diesel,21200,1
270000,Petrol,6666,0
280000,Petrol,7209,0
250000,Petrol,7142,0
790000,Diesel,6523,1
1200000,Petrol,9866,1
950000,Diesel,5000,1
340000,Petrol,25000,0
825000,Diesel,3375,1
3100000,Petrol,7333,1
780000,Diesel,8333,1
690000,Petrol,13000,0
245000,Petrol,12000,0
790000,Diesel,16333,0
680000,Petrol,16200,0
425000,Petrol,5000,1
1100000,Diesel,15000,1
715000,Diesel,5833,1
1580000,Diesel,10750,1
1750000,Diesel,21273,1
1750000,Diesel,14622,1
1850000,Petrol,8891,1
950000,Diesel,7131,1
310000,Petrol,5447,1
575000,Diesel,66,1
490000,Diesel,5500,1
480000,Petrol,13315,0
3500000,Diesel,10600,1
370000,Petrol,3333,1
835000,Diesel,3500,1
650000,Petrol,11000,1
670000,Diesel,5699,1
950000,Diesel,18250,0
690000,Petrol,2428,1
670000,Petrol,4647,1
925000,Diesel,6691,1
250000,Petrol,5000,0
509999,Diesel,8400,0
520000,Diesel,15714,0
950000,Diesel,9206,1
450000,Petrol,11666,0
480000,Diesel,8333,0
2490000,Diesel,6571,1
790000,Diesel,9111,0
1015000,Diesel,6666,1
520000,Diesel,12000,0
1100000,Diesel,10000,1
200000,Diesel,13937,0
525000,Diesel,12000,0
500000,Petrol,8000,0
675000,Diesel,32265,0
250000,Diesel,3571,0
450000,Petrol,2000,1
200000,Diesel,9444,0
525000,Diesel,7000,0
475000,Diesel,18333,0
250000,Petrol,11500,0
400000,Diesel,7000,0
425000,Diesel,9000,0
260000,Petrol,7500,0
450000,Diesel,6333,1
650000,Diesel,12333,0
285000,Petrol,10000,0
725000,Petrol,8666,1
625000,Petrol,6000,1
550000,Petrol,4600,1
240000,Petrol,4444,0
600000,Diesel,3857,1
350000,Diesel,7222,0
245000,Petrol,5333,0
600000,Diesel,11200,0
2400000,Diesel,7500,1
620000,Diesel,11428,0
635000,Petrol,1892,1
400000,Diesel,12222,0
550000,Diesel,14666,0
200000,Petrol,3000,0
750000,Diesel,30000,0
229999,Petrol,1687,1
350000,Petrol,2500,1
450000,Petrol,2833,1
250000,Diesel,13333,0
225000,Diesel,13333,0
300000,Diesel,11250,0
375000,Diesel,12000,0
390000,Diesel,11250,0
600000,Petrol,2500,1
375000,Petrol,2500,1
700000,Petrol,1100,1
455000,Petrol,10000,0
375000,Petrol,2500,1
341000,Petrol,4498,1
450000,Petrol,3750,1
1900000,Diesel,25000,1
500000,Diesel,12000,0
819999,Diesel,17000,0
430000,Diesel,4000,1
750000,Diesel,20000,0
1500000,Diesel,7735,1
630000,Diesel,10000,0
1085000,Diesel,5000,1
550000,Petrol,8333,1
260000,Diesel,8125,0
780000,Diesel,16666,0
535000,Petrol,11167,0
350000,Petrol,4444,0
425000,Petrol,8250,0
300000,Petrol,7575,0
250000,Petrol,6721,0
315000,Diesel,15985,0
200000,Petrol,8333,0
300000,Petrol,5000,0
300000,Diesel,11125,0
380000,Petrol,15385,0
250000,Petrol,67216,0
310000,Diesel,11981,0
260000,Petrol,4545,0
850000,Diesel,8000,1
250000,Diesel,12222,0
715000,Diesel,33428,0
220000,Diesel,7000,0
300000,Diesel,18888,0
220000,Petrol,10000,0
380000,Petrol,3000,1
300000,Diesel,13777,0
650000,Petrol,4753,1
300000,Petrol,1938,1
700000,Diesel,5920,1
310000,Petrol,5987,0
500000,Petrol,4000,1
415000,Petrol,5096,0
550000,Diesel,9509,0
415000,Diesel,11622,0
450000,Diesel,13782,0
580000,Petrol,6400,1
300000,Diesel,27231,0
1200000,Diesel,20000,0
400000,Diesel,17694,0
850000,Diesel,15000,0
2500000,Diesel,3888,1
780000,Diesel,17500,0
3200000,Diesel,14250,1
350000,Petrol,1000,1
525000,Diesel,16333,0
580000,Diesel,23333,0
695000,Diesel,23333,0
2700000,Diesel,2500,1
1300000,Diesel,17500,1
450000,Diesel,16000,0
619000,Petrol,1500,1
1700000,Diesel,16666,1
925000,Diesel,25000,0
450000,Diesel,6666,0
600000,Diesel,1895,1
700000,Diesel,10000,0
486000,Petrol,6625,1
400000,Diesel,11250,0
275000,Petrol,11666,0
580000,Diesel,11400,0
375000,Petrol,11666,0
600000,Diesel,15000,0
300000,Petrol,5000,1
630000,Diesel,13333,0
210000,Diesel,1721,1
725000,Diesel,15714,0
530000,Diesel,16666,0
350000,Diesel,5250,0
229999,Petrol,7600,0
800000,Diesel,11666,1
425000,Diesel,19558,0
610000,Petrol,5000,1
550000,Diesel,12000,0
200000,Petrol,15000,0
720000,Petrol,1500,1
350000,Diesel,19000,0
400000,Petrol,5000,1
570000,Petrol,8750,1
210000,Petrol,10400,0
800000,Diesel,17333,0
700000,Diesel,9750,1
200000,Diesel,2868,0
325000,Diesel,11474,0
650000,Petrol,4000,1
350000,Diesel,10276,0
600000,Diesel,16000,0
400000,Diesel,16818,0
1800000,Diesel,8666,1
650000,Petrol,10000,1
800000,Petrol,7650,1
802000,Petrol,5000,1
430000,Diesel,7000,0
650000,Petrol,5750,1
450000,Diesel,23500,0
250000,Petrol,10875,0
287000,Diesel,7777,0
675000,Diesel,12000,0
600000,Petrol,5000,1
600000,Petrol,666,1
640000,Petrol,4000,1
600000,Petrol,5833,1
290000,LPG,4142,0
600000,Petrol,5000,1
325000,Petrol,3750,1
200000,Diesel,4917,0
2800000,Diesel,13333,1
550000,Diesel,15000,0
250000,Petrol,13500,0
580000,Diesel,7777,0
300000,Diesel,20555,0
1200000,Diesel,4100,1
650000,Petrol,2000,1
950000,Petrol,13798,1
385000,Diesel,5777,0
700000,Petrol,8000,1
750000,Diesel,8833,1
290000,Petrol,5000,1
675000,Diesel,11000,0
530000,Diesel,9166,0
1485000,Diesel,6857,1
325000,Diesel,10144,0
400000,Diesel,10000,0
380000,Diesel,17750,0
750000,Petrol,9000,1
390000,Petrol,11250,0
1825000,Diesel,7000,1
3256000,Diesel,8500,1
370000,Diesel,10000,0
380000,Diesel,10375,0
395000,Petrol,6666,1
360000,Diesel,14545,0
451000,Diesel,16666,0
434999,Petrol,3333,1
800000,Diesel,22285,0
675000,Diesel,7500,1
400000,Diesel,21250,0
200000,Petrol,8333,0
400000,Diesel,5000,0
1400000,Diesel,25000,0
800000,Diesel,2500,1
315000,Petrol,5857,0
700000,Petrol,8000,1
585000,Diesel,10200,0
350000,Petrol,4285,1
495000,Diesel,11428,0
500000,Petrol,12500,0
345000,Petrol,5500,0
500000,Petrol,1666,1
360000,Petrol,6600,0
210000,Petrol,2272,0
220000,Petrol,9428,0
250000,Petrol,4000,0
990000,Diesel,29200,0
530000,Petrol,7142,1
575000,Diesel,10000,0
400000,Diesel,11000,0
680000,Diesel,10000,0
1000000,Diesel,11428,1
346000,Diesel,5359,0
450000,Diesel,3333,1
500000,Petrol,2500,1
700000,Diesel,4000,1
280000,Petrol,12940,0
475000,Petrol,5000,1
300000,Diesel,4166,0
200999,Petrol,5714,0
320000,Diesel,8888,0
300000,Petrol,2307,0
700000,Petrol,1111,1
500000,Diesel,18333,0
500000,Petrol,4000,1
484999,Petrol,4500,1
380000,Petrol,8333,0
480000,Petrol,5000,1
350000,Petrol,8750,0
300000,Petrol,20000,0
509000,Petrol,15000,0
650000,Diesel,16000,0
400000,Diesel,4444,0
1380000,Diesel,8333,1
1000000,Diesel,8000,1
420000,Diesel,10000,0
525000,Diesel,22000,0
325000,Diesel,12272,0
450000,Petrol,975,1
650000,Diesel,11333,0
600000,Diesel,11626,0
650000,Petrol,1620,1
750000,Diesel,8019,1
850000,Petrol,6369,1
315000,Petrol,4617,1
415000,Petrol,4702,1
640000,Diesel,14557,0
780000,Petrol,7765,1
2595000,Diesel,19910,1
850000,Diesel,9782,1
900000,Diesel,9130,1
1150000,Petrol,12831,1
215000,Diesel,10777,0
400000,Petrol,8000,0
550000,Petrol,30000,0
245000,Petrol,10400,0
950000,Petrol,8750,1
350000,Petrol,7500,0
370000,Petrol,7500,0
250000,Petrol,6000,0
2600000,Diesel,4750,1
229999,Petrol,16000,0
750000,Diesel,7250,1
320000,Petrol,10000,0
1100000,Diesel,6666,1
270000,Petrol,4400,0
300000,Petrol,5555,0
200000,Diesel,5555,0
400000,Petrol,12500,0
229999,Diesel,20000,0
430000,Diesel,4000,1
300000,Diesel,10000,0
350000,Petrol,8750,0
450000,Diesel,15000,0
250000,Petrol,7500,0
650000,Diesel,34857,0
525000,Petrol,3750,1
500000,Diesel,10000,0
450000,Diesel,6625,0
229999,CNG,10000,0
700000,Diesel,25000,0
545000,Petrol,7300,1
200000,Petrol,7500,0
500000,Diesel,20000,0
450000,Petrol,2000,1
760000,Diesel,9800,1
300000,Petrol,3666,1
800000,Diesel,12000,1
680000,Diesel,6666,1
1300000,Diesel,14000,1
500000,Petrol,12000,0
3500000,Diesel,5833,1
300000,Diesel,7500,0
641000,Petrol,6250,1
650000,Diesel,8333,1
495000,Diesel,8721,0
324000,Petrol,3750,0
2100000,Diesel,18301,1
200000,Petrol,11666,0
320000,Diesel,10000,0
300000,Petrol,3416,1
800000,Diesel,22500,0
420000,Diesel,8333,0
875000,Diesel,10000,1
580000,Diesel,10000,0
650000,Diesel,15000,0
400000,Petrol,2142,1
250000,Petrol,4375,0
250000,Petrol,6363,0
590000,Diesel,8783,1
225000,Diesel,11457,0
900000,Diesel,9400,1
375000,Petrol,6822,1
320000,Petrol,4932,1
525000,Diesel,4625,1
650000,Diesel,4035,1
575000,Diesel,6751,1
355000,Petrol,5603,0
470000,Diesel,6273,1
221000,Petrol,2692,0
580000,Diesel,5658,0
325000,Petrol,5584,0
495000,Petrol,5655,0
290000,Petrol,1714,1
375000,Petrol,923,1
211000,Diesel,4312,0
280000,Petrol,3709,1
400000,Petrol,7401,0
850000,Diesel,9166,1
550000,Diesel,8000,0
550000,Diesel,8000,0
1000000,Diesel,13333,1
350000,Diesel,24285,0
830000,Diesel,11666,1
850000,Diesel,25000,0
213000,Petrol,10000,0
660000,Diesel,8333,1
415000,Petrol,12241,0
650000,Diesel,8476,0
1250000,Diesel,7000,1
715000,Diesel,6250,1
715000,Diesel,6250,1
565000,Diesel,9400,0
325000,Diesel,7214,0
409999,Diesel,3111,1
300000,Petrol,8888,0
700000,Diesel,30000,0
800000,Diesel,2857,1
265000,Petrol,8000,0
630000,Diesel,8333,1
3800000,Diesel,3333,1
1580000,Diesel,10750,1
4950000,Diesel,15000,1
535000,Diesel,10520,0
550000,Petrol,4972,1
670000,Petrol,1420,1
625000,Petrol,1986,1
520000,Petrol,2627,1
239000,Petrol,8200,0
2600000,Diesel,11790,1
750000,Diesel,7662,1
229999,Petrol,5536,0
1300000,Diesel,7312,1
385000,Diesel,5777,0
760000,Petrol,9223,1
600000,Diesel,11626,0
260000,Diesel,7142,0
450000,Diesel,3666,0
500000,Petrol,7600,1
260000,Petrol,4444,0
869999,Diesel,16000,0
690000,Petrol,13333,0
825000,Diesel,12000,0
360000,Petrol,6000,0
220000,Petrol,6666,0
515000,Diesel,1666,1
300000,Petrol,5000,0
260000,Diesel,7142,0
450000,Diesel,3666,0
500000,Petrol,7600,1
260000,Petrol,4444,0
750000,Petrol,3750,1
869999,Diesel,16000,0
950000,Diesel,8888,0
690000,Petrol,13333,0
825000,Diesel,12000,0
700000,Diesel,8333,1
450000,Diesel,7500,0
750000,Diesel,500,1
774000,Petrol,439,1
711000,Petrol,484,1
600000,Diesel,8780,1
455000,Diesel,15436,0
650000,Diesel,2500,1
200000,Petrol,6250,0
875000,Diesel,14800,0
750000,Diesel,10000,1
725000,Diesel,11000,1
1100000,Diesel,20000,0
2700000,Diesel,7500,1
280000,Petrol,4600,0
200000,Petrol,4545,0
300000,Petrol,7500,0
800000,Petrol,13333,1
500000,Petrol,2666,1
250000,Petrol,4375,0
250000,Diesel,7272,0
480000,Diesel,8181,0
630000,Petrol,20000,0
550000,Diesel,11188,0
550000,Petrol,2666,1
465000,Petrol,4333,1
220000,Petrol,4177,0
520000,Petrol,5000,1
1000000,Diesel,5000,1
725000,Diesel,7500,1
500000,Diesel,3100,1
250000,Petrol,5000,0
700000,Diesel,12739,0
200000,Diesel,12000,0
1100000,Diesel,20000,0
600000,Petrol,2500,1
1700000,Diesel,5000,1
451000,Diesel,16666,0
370000,Petrol,12000,0
2700000,Diesel,7500,1
280000,Petrol,4600,0
350000,Petrol,7500,0
250000,Petrol,5000,0
500000,Petrol,7500,1
200000,Petrol,4545,0
800000,Diesel,17333,0
1200000,Diesel,12500,1
200000,Diesel,14285,0
400000,Diesel,14000,0
550000,Diesel,12857,0
349000,Diesel,16666,0
458000,Diesel,11428,0
300000,Petrol,11666,0
850000,Diesel,16666,0
750000,Diesel,12500,0
300000,CNG,60000,0
275000,Petrol,32000,0
830000,Petrol,10000,1
380000,Petrol,6250,0
300000,Petrol,7272,0
300000,Petrol,5528,0
385000,Diesel,7600,0
221000,Petrol,4636,0
381000,Diesel,7600,0
250999,Petrol,5833,0
380000,Diesel,7600,0
751000,Diesel,16000,0
1250000,Diesel,10000,1
229999,Petrol,9285,0
1250000,Diesel,12000,1
245000,Petrol,13600,0
321000,Diesel,8125,0
509999,Diesel,11000,0
400000,Diesel,9375,0
370000,Petrol,11250,0
291000,Diesel,12857,0
295000,Petrol,5000,0
375000,Petrol,5000,1
1150000,Diesel,19333,0
650000,Diesel,5000,1
300000,Petrol,17500,0
450000,Diesel,8888,0
580000,Petrol,20000,0
550000,Petrol,979,1
450000,Diesel,8750,0
220000,Petrol,10000,0
310000,Petrol,7674,0
650000,Petrol,6750,1
300000,Petrol,8437,0
200000,Petrol,8750,0
285000,Petrol,4337,0
335000,Petrol,4719,0
375000,Petrol,5130,0
235000,Petrol,5588,0
345000,Petrol,8258,0
365000,Diesel,10260,0
400000,Petrol,6857,0
250000,Petrol,5000,0
465000,Diesel,7785,0
300000,Petrol,2500,1
655000,Petrol,8333,1
500000,Petrol,8333,1
465000,Petrol,10510,0
263000,Diesel,5384,0
250000,Petrol,10000,0
250000,Petrol,6000,0
229999,Petrol,16000,0
270000,Petrol,4400,0
650000,Diesel,35000,0
509999,Diesel,8000,0
280000,Petrol,3300,0
300000,Petrol,3500,1
400000,Diesel,13375,0
222000,Petrol,6363,0
650000,Petrol,1500,1
450000,Diesel,13520,0
450000,Petrol,15000,0
825000,Diesel,8750,1
1250000,Petrol,1100,1
215000,Petrol,8500,0
625000,Diesel,9714,0
615000,Diesel,5000,1
550000,Diesel,90000,0
1500000,Diesel,13333,1
1350000,Diesel,7500,1
217000,Petrol,7500,0
700000,Diesel,26666,0
575000,Diesel,20000,0
450000,Diesel,17777,0
320000,Diesel,12470,0
550000,Diesel,11714,0
1100000,Petrol,1000,1
950000,Diesel,8500,1
425000,Diesel,21428,0
500000,Diesel,13333,0
349000,Diesel,15000,0
390000,Diesel,12857,0
225000,Diesel,14333,0
280000,Petrol,8000,0
1650000,Diesel,13750,1
1475000,Petrol,3900,1
1100000,Petrol,2500,1
670000,Petrol,1420,1
750000,Diesel,7662,1
760000,Petrol,9223,1
390000,Diesel,10264,0
425000,Petrol,4236,1
770000,Diesel,12934,0
775000,Petrol,11086,1
720000,Petrol,1500,1
539000,Petrol,3333,1
420000,Petrol,12500,0
350000,Petrol,12680,0
380000,Petrol,4166,1
200000,Petrol,10000,0
280000,Petrol,12500,0
200000,Petrol,4000,0
1050000,Diesel,10000,1
1150000,Petrol,4941,1
910000,Diesel,8675,1
300000,Petrol,3500,1
225000,Diesel,10000,0
790000,Diesel,6523,1
1200000,Petrol,9866,1
930000,Diesel,6666,1
210000,Petrol,6000,0
950000,Diesel,5000,1
650000,Diesel,10000,1
550000,Petrol,25500,0
340000,Petrol,25000,0
825000,Diesel,3375,1
509999,Petrol,7000,1
3800000,Diesel,3333,1
1580000,Diesel,10750,1
4950000,Diesel,15000,1
535000,Diesel,10520,0
550000,Petrol,4972,1
670000,Petrol,1420,1
625000,Petrol,1986,1
520000,Petrol,2627,1
239000,Petrol,8200,0
2600000,Diesel,11790,1
750000,Diesel,7662,1
229999,Petrol,5536,0
1300000,Diesel,7312,1
385000,Diesel,5777,0
760000,Petrol,9223,1
600000,Diesel,11626,0
3800000,Diesel,3333,1
1580000,Diesel,10750,1
4950000,Diesel,15000,1
535000,Diesel,10520,0
550000,Petrol,4972,1
670000,Petrol,1420,1
625000,Petrol,1986,1
520000,Petrol,2627,1
239000,Petrol,8200,0
2600000,Diesel,11790,1
750000,Diesel,7662,1
229999,Petrol,5536,0
1300000,Diesel,7312,1
385000,Diesel,5777,0
760000,Petrol,9223,1
600000,Diesel,11626,0
650000,Diesel,17500,0
400000,Petrol,15000,0
300000,Petrol,6000,0
250000,Petrol,888,1
500000,Petrol,5000,1
300000,Diesel,12222,0
740000,Diesel,7500,1
484999,Petrol,2503,1
999000,Diesel,4960,1
1050000,Diesel,2000,1
3899000,Diesel,7333,1
235000,Petrol,4310,0
350000,Petrol,2542,1
465000,Diesel,6853,1
1900000,Petrol,5029,1
450000,Diesel,5714,0
790000,Diesel,8752,1
900000,Diesel,10000,1
450000,Diesel,14159,0
425000,Petrol,1850,1
250000,Petrol,4750,1
300000,Diesel,17142,0
275000,Petrol,4285,0
600000,Petrol,10875,1
790000,Diesel,6523,1
1200000,Petrol,9866,1
950000,Diesel,5000,1
340000,Petrol,25000,0
825000,Diesel,3375,1
3100000,Petrol,7333,1
780000,Diesel,8333,1
690000,Petrol,13000,0
245000,Petrol,12000,0
790000,Diesel,16333,0
680000,Petrol,16200,0
425000,Petrol,5000,1
1100000,Diesel,15000,1
715000,Diesel,5833,1
370000,Petrol,11250,0
291000,Diesel,12857,0
350000,Petrol,4000,1
650000,Diesel,9666,0
350000,Petrol,5714,0
440000,Diesel,7777,0
270000,Petrol,7500,0
1150000,Diesel,19285,0
238000,Petrol,11666,0
260000,Diesel,13636,0
480000,Diesel,11666,0
595000,Petrol,6750,1
1295000,Diesel,4500,1
515000,Petrol,5333,1
325000,Diesel,5222,0
925000,Petrol,7333,1
844999,Petrol,7500,1
925000,Petrol,6666,1
300000,Diesel,7500,0
325000,Diesel,13333,0
600000,Diesel,22500,0
700000,Petrol,10000,1
490000,Petrol,10000,0
380000,Diesel,12500,0
550000,Petrol,10333,0
225000,Petrol,5875,0
570000,Petrol,3733,1
305000,Petrol,11666,0
240000,LPG,4545,0
700000,Diesel,9166,1
288000,Petrol,6666,0
800000,Diesel,18750,0
430000,Petrol,23250,0
325000,Petrol,4285,1
450000,Diesel,9125,0
630000,Diesel,13000,0
350000,Diesel,6111,0
350000,Diesel,29166,0
600000,Petrol,10000,1
750000,Diesel,6666,1
270000,Petrol,6666,0
350000,Petrol,8125,0
1225000,Petrol,7333,1
1000000,Petrol,9545,1
780000,Diesel,10704,1
625000,Petrol,22819,0
265000,Petrol,3818,0
210000,Petrol,6000,0
940000,Diesel,21333,0
750000,Diesel,10000,0
610000,Diesel,20000,0
450000,Diesel,8333,0
409999,Diesel,6222,0
650000,Diesel,20000,0
650000,Diesel,20000,0
500000,Petrol,3333,1
340000,Petrol,4375,0
800000,Petrol,5620,1
1010000,Diesel,15000,0
595000,Diesel,14000,0
265000,Petrol,20000,0
310000,Petrol,11000,0
700000,Diesel,18571,0
450000,Diesel,12666,0
1300000,Diesel,3333,1
425000,Diesel,9000,0
550000,Diesel,3249,1
500000,Petrol,10000,0
1150000,Diesel,8810,1
475000,Petrol,4100,1
260000,Petrol,2848,0
350000,Petrol,12500,0
750000,Diesel,5248,1
350000,Petrol,1914,1
611000,Diesel,8600,1
325000,Petrol,4625,1
280000,Petrol,4355,1
300000,Petrol,4134,0
711000,Diesel,5955,0
851000,Diesel,8942,1
260000,Diesel,5289,0
1044999,Diesel,13000,1
550000,Diesel,6692,0
250999,Diesel,8461,0
600000,Petrol,5150,1
550000,Diesel,15777,0
800000,Diesel,6250,1
500000,Petrol,5000,1
535000,Diesel,10520,0
396000,Petrol,5728,1
600000,Diesel,7142,0
575000,Petrol,15000,0
520000,Petrol,5000,1
1400000,Diesel,10000,1
600000,Petrol,2533,1
400000,Petrol,3571,1
560000,Petrol,13704,0
400000,Petrol,2500,1
459999,Petrol,13333,0
450000,Diesel,10750,0
300000,Diesel,2777,0
300000,Diesel,2777,0
3200000,Diesel,10000,1
240000,Petrol,1250,1
700000,Diesel,10000,1
420000,Petrol,4200,1
350000,Petrol,4000,1
550000,Diesel,5333,1
750000,Diesel,12857,0
420000,Diesel,6250,0
420000,Diesel,6250,0
200000,Petrol,3846,0
590000,Diesel,8783,1
225000,Diesel,11457,0
860000,Diesel,17500,0
900000,Diesel,9400,1
375000,Petrol,6822,1
525000,Petrol,3660,1
320000,Petrol,4932,1
525000,Diesel,4625,1
650000,Diesel,4035,1
575000,Diesel,6751,1
355000,Petrol,5603,0
470000,Diesel,6273,1
221000,Petrol,2692,0
400000,Diesel,6250,0
650000,Diesel,5000,1
400000,Petrol,4545,0
550000,Diesel,18933,0
861999,Diesel,6666,1
782000,Petrol,4666,1
836000,Diesel,8666,1
696000,Petrol,27785,0
596000,Diesel,24352,0
612000,Petrol,21085,0
340000,Diesel,15000,0
550000,Petrol,5000,1
890000,Diesel,10000,1
715000,Petrol,4000,1
735000,Diesel,6144,0
495000,Petrol,2391,1
1025000,Petrol,2250,1
750000,Diesel,11666,0
600000,Diesel,15000,0
325000,Diesel,7775,0
2800000,Diesel,6125,1
450000,Petrol,6250,0
1150000,Diesel,6625,1
210000,Petrol,5291,0
4500000,Petrol,3266,1
825000,Petrol,3399,1
2750000,Diesel,3250,1
670000,Petrol,8500,1
600000,Petrol,13250,0
1700000,Diesel,5000,1
500000,Diesel,17142,0
600000,Petrol,2600,1
235000,Petrol,4600,0
390000,Diesel,10000,0
600000,Diesel,11666,0
450000,Petrol,3175,1
250000,Diesel,8000,0
1400000,Diesel,6666,1
300000,Petrol,6666,0
800000,Petrol,4750,1
2600000,Diesel,4750,1
300000,Petrol,5555,0
295000,Diesel,10000,0
650000,Petrol,5729,1
200000,Petrol,6773,0
250000,Diesel,17337,0
430000,Petrol,25289,0
450000,Petrol,6000,1
350000,Petrol,11250,0
475000,Petrol,9319,0
470000,Petrol,9697,0
200000,Diesel,10138,0
650000,Diesel,12873,0
400000,Petrol,4545,0
409999,Diesel,12857,0
640000,Diesel,8333,1
750000,Diesel,23333,0
450000,Petrol,6666,0
425000,Petrol,1500,1
250000,Petrol,4375,0
250000,Petrol,6363,0
620000,Diesel,14000,0
300000,Petrol,6666,0
800000,Petrol,4750,1
450000,Petrol,7500,1
450000,Diesel,4739,0
725000,Diesel,7777,0
250000,Petrol,5000,0
350000,Petrol,13750,0
511000,Petrol,23333,0
300000,Diesel,8888,0
1100000,Petrol,10000,0
500000,Petrol,10000,0
350000,Petrol,10000,0
300000,Petrol,5555,0
400000,Diesel,7777,0
550000,Diesel,15714,0
250000,Diesel,17333,0
800000,Diesel,20000,0
300000,Petrol,8333,0
1200000,Diesel,11000,1
355000,Petrol,10000,0
520000,Diesel,8333,0
500000,Diesel,2888,1
1800000,Diesel,7142,1
800000,Diesel,6666,1
550000,Petrol,14285,0
260000,Diesel,15000,0
750000,Diesel,13800,0
1350000,Diesel,24000,0
1230000,Diesel,17500,1
220000,Diesel,13750,0
330000,Petrol,4888,0
210000,Petrol,5555,0
300000,Diesel,20857,0
426000,Petrol,5000,1
265000,Petrol,10000,0
480000,Diesel,8888,0
875000,Petrol,3333,1
3800000,Diesel,3333,1
1580000,Diesel,10750,1
4950000,Diesel,15000,1
535000,Diesel,10520,0
550000,Petrol,4972,1
670000,Petrol,1420,1
625000,Petrol,1986,1
520000,Petrol,2627,1
239000,Petrol,8200,0
2600000,Diesel,11790,1
750000,Diesel,7662,1
229999,Petrol,5536,0
1300000,Diesel,7312,1
385000,Diesel,5777,0
760000,Petrol,9223,1
600000,Diesel,11626,0
450000,Petrol,20000,0
450000,Petrol,20000,0
200000,Petrol,7500,0
675000,Diesel,7500,1
260000,Petrol,7500,0
500000,Petrol,7500,1
500000,Petrol,11666,0
1770000,Diesel,6250,1
515000,Diesel,10000,0
520000,CNG,5000,1
490000,Petrol,6950,1
434999,Petrol,4390,1
380000,Petrol,3000,1
495000,Diesel,8000,0
300000,Petrol,8333,0
430000,Petrol,3750,1
370000,Diesel,20000,0
750000,Petrol,5500,1
300000,CNG,10000,0
300000,Petrol,15000,0
650000,Diesel,8000,1
509999,Diesel,6250,1
600000,Diesel,30000,0
229999,Petrol,10000,0
245000,Petrol,10000,0
600000,Diesel,10000,0
375000,Petrol,5000,1
1450000,Diesel,6666,1
620000,Diesel,11666,0
275000,Diesel,16000,0
700000,Diesel,8750,1
450000,Diesel,8333,0
240000,Petrol,2500,1
350000,Petrol,2400,1
650000,Diesel,16319,0
400000,Petrol,6666,1
1100000,Diesel,2000,1
2200000,Diesel,4000,1
800000,Petrol,4500,1
490000,Diesel,5000,0
836000,Petrol,3233,1
1249000,Diesel,4800,1
1240000,Diesel,6500,1
1068000,Petrol,9000,1
1189000,Diesel,10000,1
700000,Petrol,9000,1
350000,Petrol,8000,0
750000,Diesel,16000,0
509999,Petrol,6250,1
363000,Petrol,3592,1
229999,Petrol,4409,0
550000,Petrol,10000,0
2000000,Diesel,18571,1
390000,Diesel,9000,0
260000,Petrol,4545,0
220000,Petrol,7500,0
370000,Petrol,5000,1
650000,Diesel,10000,1
280000,Petrol,9250,0
540000,Diesel,16000,0
800000,Petrol,6666,1
515000,Diesel,5000,1
221000,Diesel,5909,0
245000,Petrol,7166,0
260000,Petrol,4666,0
550000,Diesel,7300,0
434999,Petrol,4833,1
450000,Diesel,11875,0
290000,Petrol,3571,1
265000,Petrol,2000,1
325000,Petrol,8142,0
550000,Diesel,7428,0
275000,Petrol,5222,0
690000,Diesel,14600,0
200000,Diesel,5555,0
900000,Diesel,8333,1
950000,Petrol,5500,1
475000,Petrol,10000,0
821000,Petrol,8333,1
459999,Diesel,24770,0
815000,Diesel,14000,0
1200000,Diesel,10000,1
1000000,Diesel,7500,1
400000,Diesel,30000,0
325000,Diesel,10000,0
735000,Diesel,6144,0
285000,Diesel,8255,0
350000,Petrol,4434,0
290000,Diesel,7965,0
890000,Diesel,10054,1
385000,Petrol,1147,1
425000,Petrol,2088,1
525000,Petrol,2436,1
550000,Petrol,2437,1
271000,Petrol,5444,0
1490000,Diesel,6898,1
490000,Petrol,5180,1
260000,Petrol,5372,0
455000,Diesel,7978,0
421000,Petrol,3973,1
550000,Diesel,10800,0
330000,Petrol,4750,0
390000,Diesel,5050,0
599000,Diesel,7826,1
738000,Petrol,4000,1
300000,Petrol,6000,0
280000,Diesel,11000,0
225000,Diesel,32980,0
200000,Petrol,5714,0
650000,Diesel,22500,0
380000,Petrol,4750,1
380000,Petrol,4750,1
254999,Diesel,4285,0
850000,Petrol,11125,1
650000,Petrol,5200,1
650000,Petrol,5200,1
300000,Petrol,5833,0
300000,Petrol,17142,0
200000,Diesel,14285,0
220000,Petrol,8740,0
290000,Petrol,5000,1
300000,Petrol,8333,0
600000,Diesel,3926,1
470000,Petrol,4000,1
400000,Petrol,7500,1
250000,Petrol,3636,0
875000,Petrol,480,1
425000,Petrol,2000,1
300000,Petrol,25000,0
700000,Diesel,7000,1
650000,Diesel,16750,0
800000,Diesel,15000,0
675000,Diesel,17500,0
516000,Petrol,15000,0
450000,Petrol,11428,0
500000,Petrol,4000,1
575000,Diesel,10000,0
550000,Petrol,8166,1
347000,Petrol,5000,0
275000,Diesel,13750,0
550000,Petrol,3833,1
349000,Diesel,12500,0
250000,Petrol,3636,0
400000,Petrol,8000,0
250000,Diesel,16428,0
575000,Petrol,12500,0
1300000,Diesel,5000,1
425000,Petrol,7500,0
470000,CNG,5000,1
310000,Petrol,1700,1
400000,Diesel,9043,0
215000,Diesel,10777,0
310000,Petrol,6666,0
750000,Diesel,12500,1
260000,Petrol,4545,0
420000,Diesel,22142,0
335000,Petrol,8200,0
2650000,Diesel,15000,1
2675000,Diesel,18666,1
2675000,Diesel,15000,1
500000,Petrol,8571,0
290000,Petrol,15000,0
600000,Petrol,40000,0
1250000,Diesel,10000,1
270000,Diesel,12000,0
400000,Diesel,12222,0
850000,Diesel,4181,1
470000,Diesel,15227,0
250999,Diesel,10000,0
495000,Diesel,3975,1
310000,CNG,7387,0
540000,Petrol,6240,1
665000,Diesel,10200,0
1295000,Diesel,5800,1
675000,Diesel,10180,0
980000,Diesel,3333,1
320000,Diesel,8571,0
600000,Diesel,14400,0
300000,Petrol,19200,0
305000,Diesel,9428,0
300000,Diesel,10000,0
539000,Petrol,1208,1
300000,Petrol,4166,0
707000,Diesel,20000,0
495000,CNG,7000,0
200000,Diesel,3888,0
509999,Petrol,7000,1
475000,Petrol,7666,1
425000,Petrol,5714,1
950000,Diesel,5000,1
535000,Diesel,13333,0
325000,Diesel,7000,0
350000,Diesel,9090,0
345000,Diesel,6550,0
1025000,Diesel,14000,1
340000,Petrol,11200,0
425000,Diesel,9000,0
550000,Diesel,3249,1
500000,Petrol,10000,0
1150000,Diesel,8810,1
475000,Petrol,4100,1
260000,Petrol,2848,0
350000,Petrol,12500,0
750000,Diesel,5248,1
350000,Petrol,1914,1
611000,Diesel,8600,1
325000,Petrol,4625,1
225000,Petrol,5333,0
300000,Petrol,4134,0
711000,Diesel,5955,0
851000,Diesel,8942,1
275000,Petrol,729,1
350000,Diesel,20000,0
409999,Petrol,8750,0
500000,Diesel,14444,0
800000,Petrol,3750,1
525000,Diesel,16111,0
300000,Petrol,7000,0
800000,Diesel,11666,1
825000,Petrol,3399,1
265000,Petrol,5488,0
250999,Petrol,8158,0
471000,Petrol,6837,1
650000,Diesel,2500,1
650000,Diesel,2500,1
245000,CNG,8013,0
221000,Petrol,7889,0
271000,Petrol,7411,0
290000,Petrol,8888,0
525000,Petrol,9750,1
377000,Petrol,9419,0
763000,Diesel,10740,1
450000,Petrol,7198,1
701000,Diesel,15998,0
520000,Petrol,16666,0
550000,Diesel,25000,0
420000,Diesel,16666,0
1150000,Diesel,6666,1
680000,Petrol,11500,1
425000,Diesel,4444,0
936999,Petrol,15200,1
210000,Petrol,10000,0
260000,Diesel,12500,0
250000,Diesel,14000,0
500000,Diesel,11111,0
490000,Petrol,10000,0
1000000,Diesel,600,1
530000,Petrol,2378,1
840000,Diesel,12303,1
229999,Petrol,6666,0
200000,Petrol,11666,0
250000,Diesel,24000,0
540000,Petrol,833,1
700000,Petrol,3333,1
320000,Diesel,10000,0
475000,Diesel,18000,0
210000,Diesel,1721,1
650000,Diesel,8333,1
2900000,Diesel,10000,1
425000,Diesel,2500,1
619000,Petrol,1500,1
415000,Petrol,12241,0
265000,Petrol,7857,0
281000,Diesel,6666,0
211000,Diesel,10000,0
550000,Petrol,3666,1
350000,Diesel,15714,0
420000,Petrol,4972,1
270000,Petrol,3494,1
399000,Petrol,4038,1
440000,Petrol,6996,0
250000,Petrol,4954,0
650000,Diesel,11580,0
270000,Petrol,9876,0
390000,Petrol,12165,0
1500000,Diesel,16666,1
225000,Petrol,5000,0
1600000,Diesel,13333,1
800000,Petrol,5000,1
320000,Diesel,6250,0
300000,Petrol,5000,0
740000,Petrol,8333,1
350000,Petrol,650,1
280000,Petrol,5714,0
675000,Diesel,16666,0
300000,Petrol,2000,1
300000,Diesel,9230,0
690000,Diesel,15000,0
300000,Diesel,11666,0
1250000,Diesel,7500,1
799000,Diesel,7926,1
1000000,Diesel,16363,0
250000,Diesel,4285,0
200000,Petrol,5000,0
500000,Petrol,6625,1
900000,Diesel,12500,1
700000,Diesel,32000,0
520000,Diesel,8200,0
600000,Petrol,5000,1
400000,Petrol,6000,0
550000,Petrol,5000,1
550000,Diesel,12000,0
320000,Diesel,9125,0
500000,Petrol,10666,0
360000,Petrol,8833,0
655000,Diesel,21000,0
200000,LPG,11000,0
375000,Diesel,16666,0
470000,Diesel,12116,0
550000,Diesel,15109,0
210000,Petrol,4166,0
270000,Petrol,6666,0
300000,Petrol,7272,0
1451000,Diesel,10125,1
1085000,Diesel,5000,1
245000,Diesel,6250,0
300000,Petrol,6666,0
350000,Diesel,20000,0
635000,Petrol,6250,1
325000,Petrol,4522,0
1150000,Diesel,16375,1
890000,Petrol,2666,1
750000,Petrol,1200,1
280000,Petrol,7209,0
690000,Petrol,3724,1
1575000,Petrol,3333,1
325000,Diesel,13125,0
690000,Diesel,10250,1
650000,Diesel,6750,0
375000,Diesel,5714,0
525000,Diesel,8875,0
330000,Petrol,14500,0
280000,Petrol,9575,0
470000,Petrol,5714,1
350000,Diesel,11000,0
480000,Petrol,7000,0
620000,Diesel,12000,0
250000,Petrol,8285,0
350000,Diesel,8888,0
465000,Diesel,21666,0
425000,Petrol,5000,1
370000,Petrol,12000,0
340000,Petrol,6000,0
620000,Petrol,7000,1
270000,Diesel,6666,0
400000,Diesel,11666,0
260000,Petrol,6666,0
490000,Diesel,11666,0
1700000,Diesel,5000,1
250000,Petrol,5000,0
500000,Petrol,7500,1
500000,Petrol,2000,1
1800000,Diesel,14142,1
320000,Petrol,6923,0
250000,Petrol,3357,0
550000,Petrol,6666,1
600000,Petrol,550,1
210000,Petrol,40000,0
210000,Petrol,1666,1
380000,Petrol,4000,1
600000,Petrol,2500,1
490000,Petrol,5400,1
250000,Petrol,4166,1
1050000,Petrol,1100,1
570000,Petrol,11019,0
785000,Diesel,6000,1
850000,Diesel,10000,1
619000,Petrol,10000,1
500000,Diesel,3333,0
210000,Diesel,35000,0
1900000,Diesel,10000,1
4800000,Diesel,3140,1
710000,Diesel,27500,0
1500000,Petrol,10000,1
550000,Petrol,5000,1
500000,Diesel,18750,0
300000,Diesel,27777,0
300000,Petrol,10000,0
295000,Petrol,3500,1
587000,CNG,26666,0
300000,Petrol,7142,0
350000,Petrol,22000,0
800000,Petrol,16666,0
270000,Diesel,35000,0
540000,Petrol,15000,0
300000,Diesel,10000,0
330000,Diesel,7875,0
250000,Diesel,6875,0
250000,Diesel,6875,0
240000,Petrol,10000,0
545000,Petrol,5000,1
300000,Petrol,8000,0
240000,Petrol,12500,0
360000,Petrol,5000,1
250000,Diesel,7777,0
475000,Diesel,52500,0
700000,Diesel,12500,0
1290000,Diesel,1000,1
425000,Petrol,2000,1
500000,Petrol,3333,1
800000,Petrol,1666,1
265000,Petrol,6250,0
320000,Petrol,8333,0
1300000,Diesel,11000,1
1500000,Diesel,11666,1
1800000,Diesel,22000,1
420000,Petrol,26666,0
350000,Petrol,6250,1
850000,Petrol,6333,1
525000,Petrol,4750,1
470000,Diesel,24333,0
900000,Diesel,12250,0
800000,Diesel,12500,1
250000,Petrol,3750,1
700000,Petrol,8333,1
800000,Diesel,12500,0
660000,Diesel,8625,0
721000,Petrol,5000,1
300000,Petrol,11666,0
1000000,Diesel,5000,1
300000,Petrol,8000,0
450000,Diesel,15000,0
545000,Diesel,10000,0
844999,Diesel,6666,1
700000,Diesel,18600,0
650000,Diesel,31800,0
400000,Petrol,5000,1
535000,Diesel,11666,0
459999,Diesel,12500,0
300000,Diesel,9090,0
280000,Petrol,4285,0
500000,Petrol,10000,0
1200000,Petrol,600,1
300000,Petrol,8000,0
600000,Diesel,34000,0
1350000,Diesel,17500,1
1040000,Diesel,14000,1
720000,Diesel,17500,0
225000,Petrol,6500,0
300000,Diesel,7077,0
700000,Diesel,24933,0
500000,Diesel,8000,0
720000,Diesel,5000,1
740000,Diesel,15000,0
800000,Diesel,22500,0
1100000,Diesel,50000,0
210000,Diesel,6250,0
375000,Petrol,9166,0
300000,Diesel,6363,0
550000,Diesel,7142,0
750000,Diesel,10000,1
250000,Petrol,8645,0
900000,Diesel,5480,0
685000,Diesel,12800,0
540000,Diesel,9285,0
610000,Diesel,11000,0
254999,Petrol,2400,0
280000,Petrol,9120,0
370000,Petrol,6250,1
710000,Diesel,10000,1
1200000,Petrol,5000,1
229999,Petrol,7000,0
310000,Petrol,5000,1
320000,Petrol,6666,0
700000,Diesel,15000,0
300000,Petrol,7872,0
830000,Diesel,13333,1
220000,Diesel,13750,0
330000,Petrol,4888,0
210000,Petrol,5555,0
229999,Diesel,20000,0
229999,Petrol,6363,0
400000,Diesel,12500,0
300000,Diesel,6250,0
300000,Diesel,12222,0
700000,Petrol,8666,1
975000,Diesel,13000,1
500000,Diesel,10833,0
240000,Petrol,7142,0
280000,Petrol,9000,0
500000,Diesel,8333,0
200000,Petrol,7500,0
250000,Petrol,8333,0
610000,Diesel,9166,0
290000,Diesel,8888,0
300000,Diesel,32777,0
225000,Petrol,13333,0
400000,Petrol,5000,1
570000,Petrol,8750,1
500000,Petrol,4000,1
360000,Petrol,1333,1
530000,Petrol,2708,1
250000,Petrol,4166,0
600000,Petrol,3899,1
570000,Diesel,7833,0
850000,Diesel,10713,0
1680000,Diesel,14403,0
300000,Petrol,12500,0
231999,Petrol,6666,0
495000,Petrol,1250,1
700000,Petrol,2142,1
421000,Diesel,5625,0
841000,Diesel,333,1
295000,Petrol,5500,0
220000,Petrol,2500,0
250000,Diesel,4375,0
300000,Petrol,4444,0
245000,Petrol,1665,1
650000,Diesel,5012,1
760000,Diesel,10623,1
395000,Diesel,6410,0
495000,Diesel,13000,0
525000,Diesel,7000,1
420000,Diesel,28924,0
210000,Diesel,3136,0
650000,Petrol,10000,1
2300000,Diesel,13000,1
525000,Diesel,8000,1
650000,Diesel,12000,0
540000,Diesel,18333,0
750000,Diesel,7250,1
980000,Diesel,16666,0
250000,Diesel,12857,0
550000,Petrol,11666,0
320000,Petrol,12500,0
275000,Petrol,5000,0
550000,Diesel,27781,0
250000,Diesel,10000,0
520000,Diesel,3888,1
600000,Diesel,14285,0
470000,Diesel,14833,0
365000,Diesel,15000,0
430000,Petrol,4250,1
240000,Diesel,12857,0
800000,Diesel,12857,0
240000,LPG,18333,0
800000,Diesel,2142,1
350000,Petrol,4222,0
399000,Diesel,9208,0
300000,Diesel,11000,0
1280000,Diesel,5666,1
1000000,Diesel,12000,1
500000,Petrol,6250,0
650000,Diesel,11333,0
250999,Diesel,10000,0
600000,Petrol,2500,1
300000,Petrol,4000,1
850000,Petrol,4166,1
470000,CNG,2000,1
600000,Petrol,12500,0
800000,Diesel,22000,0
250000,Diesel,10909,0
1490000,Diesel,5509,1
600000,Diesel,10000,0
302000,Diesel,10000,0
950000,Diesel,8888,0
1400000,Diesel,5000,1
620000,Petrol,16250,0
449000,Diesel,10000,0
600000,Petrol,833,1
700000,Diesel,7000,1
250000,Diesel,4444,0
550000,Petrol,21000,0
675000,Diesel,11000,0
530000,Diesel,9166,0
325000,Diesel,10144,0
370000,Diesel,10000,0
360000,Diesel,10000,0
650000,Petrol,6666,0
285000,Diesel,12732,0
260000,Diesel,11166,0
869999,Petrol,7500,1
425000,Diesel,8500,0
490000,Diesel,4666,0
221000,Diesel,18766,0
724000,Diesel,9796,1
440000,Petrol,6571,0
511000,Diesel,9666,0
790000,Diesel,4400,1
640000,Petrol,9250,1
650000,Diesel,15000,0
600000,Diesel,10000,1
600000,Diesel,4285,1
795000,Diesel,11666,1
495000,Diesel,10000,0
1580000,Diesel,10750,1
1750000,Diesel,21273,1
1350000,Diesel,11333,1
350000,Diesel,20714,0
300000,Petrol,8333,0
1750000,Diesel,14622,1
500000,Diesel,23333,0
2575000,Diesel,9000,1
345000,Petrol,8285,0
220000,Diesel,12500,0
1850000,Petrol,8891,1
585000,Petrol,3500,1
950000,Diesel,7131,1
625000,Petrol,4600,1
1035000,Petrol,5750,1
310000,Petrol,5447,1
600000,Diesel,24925,0
3100000,Diesel,2500,1
650000,Diesel,7093,1
550000,Petrol,9091,0
1260000,Diesel,9805,1
660000,Petrol,9644,1
700000,Petrol,2778,1
235000,Diesel,4631,0
475000,Diesel,10000,0
795000,Diesel,7584,0
8900000,Petrol,2600,1
3200000,Diesel,5000,1
1860000,Petrol,9000,1
4200000,Diesel,9090,1
850000,Petrol,9666,1
585000,Diesel,21360,0
380000,Diesel,10756,0
650000,Diesel,17500,0
600000,Petrol,10000,1
434999,Petrol,4066,1
525000,Diesel,8937,0
4800000,Diesel,6499,1
430000,Diesel,33333,0
900000,Petrol,3675,1
400000,Petrol,12500,0
950000,Petrol,12000,1
220000,Diesel,12500,0
375000,Petrol,5000,1
350000,Petrol,20000,0
1300000,Diesel,10000,1
225000,Diesel,10000,0
930000,Diesel,6666,1
550000,Petrol,25500,0
280000,Petrol,7857,0
360000,Petrol,2000,1
900000,Petrol,3750,1
550000,Diesel,4812,1
775000,Petrol,11666,1
800000,Diesel,12081,0
400000,Diesel,10909,0
500000,Diesel,12000,0
320000,Petrol,11428,0
300000,Diesel,11250,0
650000,Diesel,10000,1
285000,Petrol,4666,1
530000,Diesel,45000,0
1025000,Diesel,9500,1
950000,Diesel,6000,1
725000,Petrol,7494,1
919999,Petrol,10250,1
700000,Diesel,5000,1
725000,Diesel,9000,1
840000,Petrol,7661,1
365000,Petrol,3933,1
665000,Diesel,10188,0
225000,Petrol,4285,0
624000,Diesel,4893,1
500000,Petrol,4166,1
750000,Petrol,4513,1
785000,Diesel,6666,1
225000,Petrol,3000,0
300000,Diesel,20000,0
680000,Diesel,4000,1
700000,Diesel,8000,1
1100000,Diesel,23333,0
550000,Diesel,5486,1
320000,Petrol,7764,0
390000,Petrol,5376,1
550000,Diesel,8318,0
370000,Petrol,6650,0
509999,Diesel,11059,0
450000,Petrol,12123,0
5500000,Diesel,15470,1
550000,Diesel,10197,0
400000,Diesel,5695,0
585000,Diesel,13525,0
500000,Petrol,15000,0
800000,Petrol,5000,1
500000,Diesel,7000,0
350000,Petrol,5000,1
940000,Diesel,11666,0
300000,Petrol,5666,0
550000,Diesel,14500,0
850000,Petrol,4166,1
650000,Petrol,5200,1
365000,CNG,19500,0
650000,Petrol,5200,1
260000,Petrol,5833,0
250000,Petrol,14285,0
225000,Diesel,10000,0
930000,Diesel,6666,1
550000,Petrol,25500,0
280000,Petrol,7857,0
360000,Petrol,2000,1
900000,Petrol,3750,1
550000,Diesel,4812,1
775000,Petrol,11666,1
800000,Diesel,12081,0
400000,Diesel,10909,0
580000,Diesel,17142,0
320000,Petrol,11428,0
300000,Diesel,11250,0
800000,Diesel,15000,0
245000,Diesel,6250,0
300000,Petrol,6666,0
350000,Diesel,20000,0
430999,Petrol,3500,1
335000,Petrol,14000,0
350000,Petrol,12750,0
315000,Petrol,18666,0
1100000,Diesel,17500,0
225000,Petrol,3709,0
4500000,Diesel,20000,1
1151000,Diesel,17000,0
220000,Petrol,5000,0
750000,Petrol,3750,1
784000,Diesel,13333,0
500000,Petrol,12500,0
350000,Petrol,6666,0
1400000,Diesel,16666,1
525000,Petrol,4700,1
930000,Diesel,3000,1
440000,CNG,3525,1
434999,Petrol,4200,1
250000,Petrol,2800,0
940000,Diesel,8750,1
1050000,Diesel,7750,1
825000,Diesel,11600,0
229999,Petrol,2777,0
375000,Petrol,7200,0
640000,Diesel,11125,0
800000,Diesel,17777,0
300000,Petrol,5365,0
440000,Petrol,4666,1
595000,CNG,8085,0
450000,Diesel,13750,0
690000,Diesel,12500,0
300000,Petrol,2500,1
280000,Diesel,13333,0
535000,Diesel,10520,0
520000,Diesel,11714,0
550000,Petrol,4972,1
280000,Diesel,6666,0
225000,Diesel,9750,0
750000,Petrol,8039,1
535000,Petrol,7673,1
1250000,Diesel,4734,1
650000,Petrol,12458,0
295000,Petrol,7169,0
480000,Diesel,11384,0
575000,Diesel,10540,0
509999,Diesel,12000,0
200000,Petrol,7500,0
449000,Diesel,10000,0
426000,Diesel,1000,1
650000,Petrol,1500,1
260000,Diesel,12500,0
260000,Petrol,7500,0
450000,Diesel,6333,1
320000,Diesel,8888,0
650000,Diesel,12333,0
285000,Petrol,10000,0
725000,Petrol,8666,1
625000,Petrol,6000,1
550000,Petrol,4600,1
240000,Petrol,4444,0
600000,Diesel,3857,1
350000,Diesel,7222,0
245000,Petrol,5333,0
927999,Diesel,18000,0
399000,Diesel,9166,0
350000,Diesel,15000,0
250000,Petrol,4166,1
675000,Diesel,8714,0
950000,Diesel,10000,1
409999,CNG,15000,0
225000,Diesel,6000,0
290000,Diesel,7000,0
675000,Diesel,9125,0
421000,Diesel,9857,0
350000,Petrol,769,1
830000,Diesel,13333,1
700000,Diesel,22500,0
530000,Petrol,16229,0
800000,Diesel,12387,1
580000,Petrol,3000,1
300000,Petrol,16950,0
300000,Petrol,6000,0
700000,Diesel,12833,0
500000,Diesel,24000,0
1400000,Diesel,16500,1
500000,Diesel,10000,0
520000,Diesel,11714,0
509999,Diesel,12000,0
556000,Petrol,12000,0
225000,Diesel,17142,0
325000,Diesel,8125,0
365000,Diesel,8125,0
850000,Diesel,14000,0
350000,Diesel,9375,0
225000,Diesel,3571,0
665000,Diesel,112000,0
275000,Petrol,2394,1
2750000,Diesel,10250,1
484999,Diesel,8125,0
565000,Diesel,10833,0
425000,Diesel,7635,0
925000,Diesel,9375,0
565000,Diesel,8000,0
525000,Diesel,9285,0
409999,Petrol,5454,0
570000,Petrol,1666,1
550000,Diesel,11400,0
1250000,Diesel,3295,1
700000,Diesel,12489,0
600000,Diesel,10808,0
925000,Diesel,16899,0
1800000,Diesel,25200,0
565000,Petrol,7666,1
295000,Diesel,9230,0
819999,Diesel,13333,1
819999,Diesel,20000,0
320000,Petrol,6666,0
550000,Diesel,8333,0
590000,Diesel,24500,0
1050000,Diesel,10000,1
950000,Diesel,12500,1
1000000,Diesel,7500,1
500000,Diesel,15000,0
450000,Diesel,17500,0
720000,Diesel,8750,1
500000,Diesel,5000,1
780000,Diesel,12500,1
1225000,Diesel,11666,1
800000,Diesel,23000,0
509999,Petrol,5000,1
465000,Diesel,8333,0
625000,Petrol,13000,0
490000,Diesel,16500,0
880000,Diesel,16000,0
290000,Petrol,6125,0
685000,Diesel,18000,0
300000,Petrol,4166,0
680000,Diesel,11000,1
480000,Diesel,14428,0
630000,Diesel,11000,0
500000,Diesel,16666,0
350000,Diesel,10500,0
425000,Diesel,21250,0
495000,Diesel,17500,0
465000,Diesel,8333,0
625000,Petrol,13000,0
490000,Diesel,16500,0
880000,Diesel,16000,0
290000,Petrol,6125,0
685000,Diesel,18000,0
300000,Petrol,4166,0
680000,Diesel,11000,1
480000,Diesel,14428,0
630000,Diesel,11000,0
500000,Diesel,16666,0
350000,Diesel,10500,0
425000,Diesel,21250,0
495000,Diesel,17500,0
614000,Petrol,1000,1
200000,Petrol,4000,0
290000,Petrol,6500,0
680000,Diesel,20000,0
300000,Diesel,12222,0
740000,Diesel,7500,1
630000,Diesel,8333,1
484999,Petrol,2503,1
999000,Diesel,4960,1
1050000,Diesel,2000,1
3899000,Diesel,7333,1
235000,Petrol,4310,0
200000,Petrol,11666,0
350000,Petrol,2542,1
465000,Diesel,6853,1
1900000,Petrol,5029,1
1000000,Diesel,7500,1
2800000,Diesel,5000,1
470000,Diesel,28333,0
415000,Petrol,5000,1
500000,Diesel,11714,0
400000,Diesel,7777,0
500000,Diesel,15000,0
750000,Diesel,20000,0
600000,Diesel,18888,0
865000,Diesel,18000,0
225000,Petrol,4339,0
